Date,Demand,Temperature
1/1/2014 0:00,3.794,18.05
1/1/2014 1:00,3.418,17.2
1/1/2014 2:00,3.152,16.45
1/1/2014 3:00,3.026,16.65
1/1/2014 4:00,3.022,16.4
1/1/2014 5:00,3.055,17.95
1/1/2014 6:00,3.18,19.7
1/1/2014 7:00,3.276,20.6
1/1/2014 8:00,3.467,22.35
1/1/2014 9:00,3.62,23.7
1/1/2014 10:00,3.73,24.8
1/1/2014 11:00,3.858,25.9
1/1/2014 12:00,3.851,25.3
1/1/2014 13:00,3.839,23.65
1/1/2014 14:00,3.861,20.7
1/1/2014 15:00,3.912,19.15
1/1/2014 16:00,4.082,22.65
1/1/2014 17:00,4.118,22.65
1/1/2014 18:00,4.011,22.4
1/1/2014 19:00,3.965,22.15
1/1/2014 20:00,3.932,22.05
1/1/2014 21:00,3.693,22.15
1/1/2014 22:00,3.585,21
1/1/2014 23:00,4.001,19.5
1/2/2014 0:00,3.623,18.45
1/2/2014 1:00,3.249,17.25
1/2/2014 2:00,3.047,16.3
1/2/2014 3:00,3.004,15.7
1/2/2014 4:00,3.104,15.5
1/2/2014 5:00,3.361,15.45
1/2/2014 6:00,3.749,15.65
1/2/2014 7:00,3.91,16.5
1/2/2014 8:00,4.075,18.1
1/2/2014 9:00,4.165,17.8
1/2/2014 10:00,4.202,19.1
1/2/2014 11:00,4.225,19.85
1/2/2014 12:00,4.265,20.3
1/2/2014 13:00,4.301,21.05
1/2/2014 14:00,4.381,22.8
1/2/2014 15:00,4.484,21.65
1/2/2014 16:00,4.552,20.15
1/2/2014 17:00,4.44,19.3
1/2/2014 18:00,4.233,18.75
1/2/2014 19:00,4.145,17.9
1/2/2014 20:00,4.116,17.35
1/2/2014 21:00,3.831,16.85
1/2/2014 22:00,3.712,16.35
1/2/2014 23:00,4.121,15.7
1/3/2014 0:00,3.764,14.95
1/3/2014 1:00,3.394,14.5
1/3/2014 2:00,3.159,14.35
1/3/2014 3:00,3.081,14.45
1/3/2014 4:00,3.216,14.6
1/3/2014 5:00,3.468,14.6
1/3/2014 6:00,3.838,14.7
1/3/2014 7:00,4.012,15.45
1/3/2014 8:00,4.183,16.7
1/3/2014 9:00,4.269,18.3
1/3/2014 10:00,4.28,20.1
1/3/2014 11:00,4.31,20.65
1/3/2014 12:00,4.315,19.45
1/3/2014 13:00,4.233,20.2
1/3/2014 14:00,4.188,20.25
1/3/2014 15:00,4.263,20.05
1/3/2014 16:00,4.37,20.25
1/3/2014 17:00,4.308,20.95
1/3/2014 18:00,4.182,21.9
1/3/2014 19:00,4.075,21
1/3/2014 20:00,4.057,19.9
1/3/2014 21:00,3.791,19.25
1/3/2014 22:00,3.667,17.3
1/3/2014 23:00,4.036,16.3
1/4/2014 0:00,3.636,15.8
1/4/2014 1:00,3.283,15
1/4/2014 2:00,3.073,14.4
1/4/2014 3:00,3.003,14.05
1/4/2014 4:00,3.023,13.65
1/4/2014 5:00,3.113,13.5
1/4/2014 6:00,3.335,14.15
1/4/2014 7:00,3.484,15.3
1/4/2014 8:00,3.697,14.8
1/4/2014 9:00,3.723,17.05
1/4/2014 10:00,3.786,18.35
1/4/2014 11:00,3.763,19.45
1/4/2014 12:00,3.748,18.55
1/4/2014 13:00,3.714,18.65
1/4/2014 14:00,3.737,18.85
1/4/2014 15:00,3.828,19.8
1/4/2014 16:00,3.937,19.65
1/4/2014 17:00,3.929,18.9
1/4/2014 18:00,3.877,19.5
1/4/2014 19:00,3.829,17.7
1/4/2014 20:00,3.95,17.35
1/4/2014 21:00,3.756,16.95
1/4/2014 22:00,3.638,16.4
1/4/2014 23:00,4.045,15.95
1/5/2014 0:00,3.682,14.9
1/5/2014 1:00,3.283,14.25
1/5/2014 2:00,3.036,13.05
1/5/2014 3:00,2.933,12
1/5/2014 4:00,2.956,11.5
1/5/2014 5:00,2.959,10.95
1/5/2014 6:00,3.157,12.3
1/5/2014 7:00,3.236,16.1
1/5/2014 8:00,3.37,17.1
1/5/2014 9:00,3.493,19.6
1/5/2014 10:00,3.516,21.1
1/5/2014 11:00,3.555,22.6
1/5/2014 12:00,3.57,24.35
1/5/2014 13:00,3.656,25.25
1/5/2014 14:00,3.792,25.75
1/5/2014 15:00,3.95,20.35
1/5/2014 16:00,3.953,15.55
1/5/2014 17:00,3.926,18.3
1/5/2014 18:00,3.849,19.4
1/5/2014 19:00,3.813,19.25
1/5/2014 20:00,3.891,18.55
1/5/2014 21:00,3.683,17.7
1/5/2014 22:00,3.562,16.75
1/5/2014 23:00,3.936,15.8
1/6/2014 0:00,3.602,14.9
1/6/2014 1:00,3.271,14.05
1/6/2014 2:00,3.085,14.1
1/6/2014 3:00,3.041,13.5
1/6/2014 4:00,3.201,13
1/6/2014 5:00,3.57,12.95
1/6/2014 6:00,4.123,13.3
1/6/2014 7:00,4.307,13.9
1/6/2014 8:00,4.481,15.4
1/6/2014 9:00,4.533,16.75
1/6/2014 10:00,4.545,17.3
1/6/2014 11:00,4.524,17.75
1/6/2014 12:00,4.47,18.4
1/6/2014 13:00,4.457,18.5
1/6/2014 14:00,4.418,18.8
1/6/2014 15:00,4.453,19.45
1/6/2014 16:00,4.539,18.75
1/6/2014 17:00,4.473,18.4
1/6/2014 18:00,4.301,16.95
1/6/2014 19:00,4.26,15.8
1/6/2014 20:00,4.276,15.35
1/6/2014 21:00,3.958,15.25
1/6/2014 22:00,3.796,15.15
1/6/2014 23:00,4.18,14.9
1/7/2014 0:00,3.843,14.5
1/7/2014 1:00,3.465,14.6
1/7/2014 2:00,3.246,14.4
1/7/2014 3:00,3.203,14.15
1/7/2014 4:00,3.36,14.3
1/7/2014 5:00,3.808,14.5
1/7/2014 6:00,4.328,14.95
1/7/2014 7:00,4.509,15.55
1/7/2014 8:00,4.598,15.8
1/7/2014 9:00,4.562,15.55
1/7/2014 10:00,4.566,16.45
1/7/2014 11:00,4.532,17.5
1/7/2014 12:00,4.477,17.7
1/7/2014 13:00,4.442,18.75
1/7/2014 14:00,4.424,19.6
1/7/2014 15:00,4.486,19.9
1/7/2014 16:00,4.579,19.35
1/7/2014 17:00,4.466,19.55
1/7/2014 18:00,4.338,17.9
1/7/2014 19:00,4.27,16.4
1/7/2014 20:00,4.296,15.55
1/7/2014 21:00,4.034,14.9
1/7/2014 22:00,3.877,14.4
1/7/2014 23:00,4.246,13.95
1/8/2014 0:00,3.883,13.3
1/8/2014 1:00,3.52,12.95
1/8/2014 2:00,3.306,12.65
1/8/2014 3:00,3.252,12.45
1/8/2014 4:00,3.387,12.35
1/8/2014 5:00,3.784,12.15
1/8/2014 6:00,4.335,11.95
1/8/2014 7:00,4.465,14.15
1/8/2014 8:00,4.529,15.85
1/8/2014 9:00,4.536,17.75
1/8/2014 10:00,4.589,19.45
1/8/2014 11:00,4.66,22.15
1/8/2014 12:00,4.691,23.85
1/8/2014 13:00,4.747,23.45
1/8/2014 14:00,4.819,24.95
1/8/2014 15:00,4.95,26.85
1/8/2014 16:00,4.994,26.1
1/8/2014 17:00,4.798,25.15
1/8/2014 18:00,4.54,23.25
1/8/2014 19:00,4.352,21.3
1/8/2014 20:00,4.37,19.85
1/8/2014 21:00,4.047,18.9
1/8/2014 22:00,3.87,18.25
1/8/2014 23:00,4.245,17.45
1/9/2014 0:00,3.848,17.1
1/9/2014 1:00,3.509,16.4
1/9/2014 2:00,3.302,15.55
1/9/2014 3:00,3.258,15.05
1/9/2014 4:00,3.419,14.4
1/9/2014 5:00,3.809,14.55
1/9/2014 6:00,4.363,15.15
1/9/2014 7:00,4.605,17.05
1/9/2014 8:00,4.793,18.85
1/9/2014 9:00,4.908,20.85
1/9/2014 10:00,5.04,24.25
1/9/2014 11:00,5.204,27.7
1/9/2014 12:00,5.358,28.4
1/9/2014 13:00,5.538,30.75
1/9/2014 14:00,5.708,30.7
1/9/2014 15:00,5.888,32.2
1/9/2014 16:00,5.966,31.75
1/9/2014 17:00,5.817,30.65
1/9/2014 18:00,5.571,29.75
1/9/2014 19:00,5.321,28.85
1/9/2014 20:00,5.141,27.85
1/9/2014 21:00,4.686,25.95
1/9/2014 22:00,4.367,24.7
1/9/2014 23:00,4.618,24.85
1/10/2014 0:00,4.158,24.05
1/10/2014 1:00,3.771,23.85
1/10/2014 2:00,3.555,23.5
1/10/2014 3:00,3.497,22.95
1/10/2014 4:00,3.646,22.2
1/10/2014 5:00,4.053,21.75
1/10/2014 6:00,4.687,22.35
1/10/2014 7:00,5.052,24.05
1/10/2014 8:00,5.342,25.15
1/10/2014 9:00,5.586,27.1
1/10/2014 10:00,5.808,28.05
1/10/2014 11:00,6.038,29.75
1/10/2014 12:00,6.296,31.25
1/10/2014 13:00,6.548,31.9
1/10/2014 14:00,6.787,32.95
1/10/2014 15:00,6.982,33.15
1/10/2014 16:00,7.035,33.95
1/10/2014 17:00,6.855,33.85
1/10/2014 18:00,6.561,33.25
1/10/2014 19:00,6.181,32.5
1/10/2014 20:00,5.899,31.5
1/10/2014 21:00,5.304,28.3
1/10/2014 22:00,4.795,23.9
1/10/2014 23:00,4.862,22.9
1/11/2014 0:00,4.264,22.3
1/11/2014 1:00,3.82,21.25
1/11/2014 2:00,3.588,20.5
1/11/2014 3:00,3.481,19.85
1/11/2014 4:00,3.514,18.85
1/11/2014 5:00,3.632,18.3
1/11/2014 6:00,3.857,18.1
1/11/2014 7:00,4.116,18.2
1/11/2014 8:00,4.375,18.15
1/11/2014 9:00,4.462,18
1/11/2014 10:00,4.46,17.7
1/11/2014 11:00,4.422,18.25
1/11/2014 12:00,4.398,19.7
1/11/2014 13:00,4.407,20.75
1/11/2014 14:00,4.48,21.8
1/11/2014 15:00,4.621,21.5
1/11/2014 16:00,4.732,21.6
1/11/2014 17:00,4.735,20.8
1/11/2014 18:00,4.572,19.4
1/11/2014 19:00,4.385,18.4
1/11/2014 20:00,4.323,17.9
1/11/2014 21:00,4.069,17.6
1/11/2014 22:00,3.94,17.55
1/11/2014 23:00,4.247,17.55
1/12/2014 0:00,3.821,17.65
1/12/2014 1:00,3.416,17.4
1/12/2014 2:00,3.22,17.15
1/12/2014 3:00,3.124,16.8
1/12/2014 4:00,3.132,17
1/12/2014 5:00,3.181,16.9
1/12/2014 6:00,3.337,17.2
1/12/2014 7:00,3.469,17.35
1/12/2014 8:00,3.668,17.65
1/12/2014 9:00,3.788,17.8
1/12/2014 10:00,3.834,18.4
1/12/2014 11:00,3.894,19.3
1/12/2014 12:00,3.964,20.2
1/12/2014 13:00,4.109,21.05
1/12/2014 14:00,4.275,21.7
1/12/2014 15:00,4.472,21.8
1/12/2014 16:00,4.623,21.8
1/12/2014 17:00,4.703,21.5
1/12/2014 18:00,4.594,20
1/12/2014 19:00,4.447,19.3
1/12/2014 20:00,4.459,18.2
1/12/2014 21:00,4.137,18.1
1/12/2014 22:00,3.913,17.7
1/12/2014 23:00,4.231,16.95
1/13/2014 0:00,3.833,16.25
1/13/2014 1:00,3.475,15.6
1/13/2014 2:00,3.302,15.5
1/13/2014 3:00,3.279,15.3
1/13/2014 4:00,3.519,15.45
1/13/2014 5:00,3.975,15.5
1/13/2014 6:00,4.6,15.75
1/13/2014 7:00,4.864,17.35
1/13/2014 8:00,5.104,19.15
1/13/2014 9:00,5.308,21.65
1/13/2014 10:00,5.542,24.7
1/13/2014 11:00,5.759,25.2
1/13/2014 12:00,6.005,24.3
1/13/2014 13:00,6.285,26.9
1/13/2014 14:00,6.617,28.1
1/13/2014 15:00,6.993,29.45
1/13/2014 16:00,7.207,29.85
1/13/2014 17:00,7.095,29.45
1/13/2014 18:00,6.839,26.35
1/13/2014 19:00,6.387,27.05
1/13/2014 20:00,6.048,25.7
1/13/2014 21:00,5.433,25.15
1/13/2014 22:00,4.904,23.85
1/13/2014 23:00,4.959,22.45
1/14/2014 0:00,4.425,21.45
1/14/2014 1:00,4.053,20.85
1/14/2014 2:00,3.843,20.7
1/14/2014 3:00,3.823,21.3
1/14/2014 4:00,4.017,21.55
1/14/2014 5:00,4.521,20.8
1/14/2014 6:00,5.229,22.3
1/14/2014 7:00,5.802,26.3
1/14/2014 8:00,6.449,32.6
1/14/2014 9:00,6.975,35.15
1/14/2014 10:00,7.506,36.8
1/14/2014 11:00,7.973,38.15
1/14/2014 12:00,8.359,39.95
1/14/2014 13:00,8.596,40.85
1/14/2014 14:00,8.794,41.25
1/14/2014 15:00,9.03,42.3
1/14/2014 16:00,9.09,41.95
1/14/2014 17:00,8.885,41.35
1/14/2014 18:00,8.525,40.6
1/14/2014 19:00,8.147,36.35
1/14/2014 20:00,7.797,36.15
1/14/2014 21:00,6.938,34.6
1/14/2014 22:00,6.215,34.05
1/14/2014 23:00,6.123,35.4
1/15/2014 0:00,5.495,36.3
1/15/2014 1:00,5.14,35.55
1/15/2014 2:00,4.896,33.7
1/15/2014 3:00,4.812,30.65
1/15/2014 4:00,5.024,29.45
1/15/2014 5:00,5.536,29.5
1/15/2014 6:00,6.293,31
1/15/2014 7:00,7,33.3
1/15/2014 8:00,7.633,35.7
1/15/2014 9:00,8.03,36.65
1/15/2014 10:00,8.459,37.65
1/15/2014 11:00,8.768,39.4
1/15/2014 12:00,9,40.6
1/15/2014 13:00,9.113,40.25
1/15/2014 14:00,9.155,37.55
1/15/2014 15:00,9.173,37.3
1/15/2014 16:00,9.039,35.4
1/15/2014 17:00,8.606,32.75
1/15/2014 18:00,8.095,31.2
1/15/2014 19:00,7.617,29.6
1/15/2014 20:00,7.208,28.35
1/15/2014 21:00,6.448,27.5
1/15/2014 22:00,5.74,28.75
1/15/2014 23:00,5.718,28.9
1/16/2014 0:00,5.106,29.9
1/16/2014 1:00,4.763,28.7
1/16/2014 2:00,4.61,28.65
1/16/2014 3:00,4.566,28.15
1/16/2014 4:00,4.737,28.25
1/16/2014 5:00,5.204,27.65
1/16/2014 6:00,5.988,27.8
1/16/2014 7:00,6.698,29.45
1/16/2014 8:00,7.438,32.5
1/16/2014 9:00,8.04,35.75
1/16/2014 10:00,8.484,38.85
1/16/2014 11:00,8.837,39.9
1/16/2014 12:00,9.052,41.1
1/16/2014 13:00,9.114,41.8
1/16/2014 14:00,9.214,42.75
1/16/2014 15:00,9.307,39.9
1/16/2014 16:00,9.313,39.75
1/16/2014 17:00,9.006,40.8
1/16/2014 18:00,8.556,37.95
1/16/2014 19:00,8.275,31.25
1/16/2014 20:00,7.911,34.6
1/16/2014 21:00,7.077,30.25
1/16/2014 22:00,6.348,28.5
1/16/2014 23:00,6.175,27.9
1/17/2014 0:00,5.455,27.95
1/17/2014 1:00,5.041,27.3
1/17/2014 2:00,4.759,26.9
1/17/2014 3:00,4.683,26.8
1/17/2014 4:00,4.908,26.05
1/17/2014 5:00,5.411,26.1
1/17/2014 6:00,6.199,27.7
1/17/2014 7:00,6.923,31.85
1/17/2014 8:00,7.593,34.85
1/17/2014 9:00,8.09,36.35
1/17/2014 10:00,8.497,38
1/17/2014 11:00,8.843,39.2
1/17/2014 12:00,9.058,41.05
1/17/2014 13:00,9.159,41.6
1/17/2014 14:00,9.231,42.35
1/17/2014 15:00,9.253,43.1
1/17/2014 16:00,8.852,33.5
1/17/2014 17:00,7.994,30.7
1/17/2014 18:00,7.388,29.1
1/17/2014 19:00,6.735,26.4
1/17/2014 20:00,6.264,23.9
1/17/2014 21:00,5.69,24.7
1/17/2014 22:00,5.227,24.35
1/17/2014 23:00,5.22,23.45
1/18/2014 0:00,4.593,23.45
1/18/2014 1:00,4.213,23.55
1/18/2014 2:00,3.984,23.05
1/18/2014 3:00,3.891,22.2
1/18/2014 4:00,3.919,22.1
1/18/2014 5:00,4.031,22
1/18/2014 6:00,4.287,21.9
1/18/2014 7:00,4.558,22.05
1/18/2014 8:00,4.872,22.55
1/18/2014 9:00,4.963,22.85
1/18/2014 10:00,5.004,22.45
1/18/2014 11:00,5.017,22.25
1/18/2014 12:00,5.057,22.65
1/18/2014 13:00,5.064,22.35
1/18/2014 14:00,5,21.9
1/18/2014 15:00,5.023,21
1/18/2014 16:00,5.007,20.95
1/18/2014 17:00,4.923,20.2
1/18/2014 18:00,4.74,19.7
1/18/2014 19:00,4.586,19.4
1/18/2014 20:00,4.517,19.2
1/18/2014 21:00,4.236,18.65
1/18/2014 22:00,4.055,18.15
1/18/2014 23:00,4.337,18.15
1/19/2014 0:00,3.848,17.65
1/19/2014 1:00,3.473,17.35
1/19/2014 2:00,3.273,17.15
1/19/2014 3:00,3.198,16.8
1/19/2014 4:00,3.204,16.75
1/19/2014 5:00,3.252,16.4
1/19/2014 6:00,3.404,16.5
1/19/2014 7:00,3.56,16.7
1/19/2014 8:00,3.767,17.3
1/19/2014 9:00,3.896,17.75
1/19/2014 10:00,3.934,19.2
1/19/2014 11:00,3.972,20.4
1/19/2014 12:00,3.985,20.9
1/19/2014 13:00,4.032,21.45
1/19/2014 14:00,4.122,22
1/19/2014 15:00,4.239,22.1
1/19/2014 16:00,4.389,21.6
1/19/2014 17:00,4.499,21.7
1/19/2014 18:00,4.406,20.5
1/19/2014 19:00,4.356,19.85
1/19/2014 20:00,4.396,19.75
1/19/2014 21:00,4.106,19.5
1/19/2014 22:00,3.914,19.2
1/19/2014 23:00,4.265,19.8
1/20/2014 0:00,3.862,19.5
1/20/2014 1:00,3.546,19.2
1/20/2014 2:00,3.36,19.2
1/20/2014 3:00,3.359,19.15
1/20/2014 4:00,3.649,19.05
1/20/2014 5:00,4.18,19.1
1/20/2014 6:00,4.813,19.25
1/20/2014 7:00,5.086,19.55
1/20/2014 8:00,5.301,20.2
1/20/2014 9:00,5.384,20.55
1/20/2014 10:00,5.434,21.45
1/20/2014 11:00,5.47,23.15
1/20/2014 12:00,5.529,23.5
1/20/2014 13:00,5.582,23.4
1/20/2014 14:00,5.618,23.5
1/20/2014 15:00,5.636,23.3
1/20/2014 16:00,5.561,22.85
1/20/2014 17:00,5.291,22.25
1/20/2014 18:00,5,20.95
1/20/2014 19:00,4.84,19.75
1/20/2014 20:00,4.767,19.45
1/20/2014 21:00,4.364,18.9
1/20/2014 22:00,4.16,18.45
1/20/2014 23:00,4.452,17.95
1/21/2014 0:00,4.011,17.55
1/21/2014 1:00,3.673,17.3
1/21/2014 2:00,3.503,16.95
1/21/2014 3:00,3.483,16.9
1/21/2014 4:00,3.695,16.85
1/21/2014 5:00,4.213,17.1
1/21/2014 6:00,4.81,17.25
1/21/2014 7:00,5.028,17.4
1/21/2014 8:00,5.149,17.85
1/21/2014 9:00,5.182,18.1
1/21/2014 10:00,5.208,18.6
1/21/2014 11:00,5.179,19.7
1/21/2014 12:00,5.19,21
1/21/2014 13:00,5.22,21.4
1/21/2014 14:00,5.202,22.65
1/21/2014 15:00,5.216,22.55
1/21/2014 16:00,5.232,22
1/21/2014 17:00,5.019,21.05
1/21/2014 18:00,4.828,19.55
1/21/2014 19:00,4.686,18.55
1/21/2014 20:00,4.657,18.3
1/21/2014 21:00,4.304,17.75
1/21/2014 22:00,4.106,17.8
1/21/2014 23:00,4.389,17.65
1/22/2014 0:00,3.955,17.8
1/22/2014 1:00,3.643,17.45
1/22/2014 2:00,3.489,16.95
1/22/2014 3:00,3.479,16.5
1/22/2014 4:00,3.695,16.9
1/22/2014 5:00,4.187,17.05
1/22/2014 6:00,4.732,16.75
1/22/2014 7:00,4.898,17.3
1/22/2014 8:00,4.997,18.8
1/22/2014 9:00,5.001,19.35
1/22/2014 10:00,5.022,20.75
1/22/2014 11:00,5.052,21.4
1/22/2014 12:00,5.094,21.9
1/22/2014 13:00,5.143,21.95
1/22/2014 14:00,5.178,22.8
1/22/2014 15:00,5.25,22.75
1/22/2014 16:00,5.255,23.2
1/22/2014 17:00,5.075,22.65
1/22/2014 18:00,4.867,20.8
1/22/2014 19:00,4.691,19.25
1/22/2014 20:00,4.665,17.8
1/22/2014 21:00,4.352,16.95
1/22/2014 22:00,4.121,16.55
1/22/2014 23:00,4.391,16.05
1/23/2014 0:00,3.966,15.75
1/23/2014 1:00,3.615,15.15
1/23/2014 2:00,3.437,14.7
1/23/2014 3:00,3.43,14.15
1/23/2014 4:00,3.666,13.9
1/23/2014 5:00,4.149,13.9
1/23/2014 6:00,4.674,14
1/23/2014 7:00,4.851,15.8
1/23/2014 8:00,5.011,17.65
1/23/2014 9:00,5.105,19.7
1/23/2014 10:00,5.242,22.5
1/23/2014 11:00,5.378,25.3
1/23/2014 12:00,5.576,24.3
1/23/2014 13:00,5.79,24.65
1/23/2014 14:00,6.03,26.45
1/23/2014 15:00,6.254,27.25
1/23/2014 16:00,6.34,26.55
1/23/2014 17:00,6.253,28.8
1/23/2014 18:00,6.039,27.85
1/23/2014 19:00,5.736,25.2
1/23/2014 20:00,5.49,24.75
1/23/2014 21:00,4.936,23.75
1/23/2014 22:00,4.58,22.55
1/23/2014 23:00,4.742,22.35
1/24/2014 0:00,4.23,21.7
1/24/2014 1:00,3.895,21.3
1/24/2014 2:00,3.712,20.3
1/24/2014 3:00,3.7,20.05
1/24/2014 4:00,3.906,20.5
1/24/2014 5:00,4.364,21.25
1/24/2014 6:00,4.962,20.85
1/24/2014 7:00,5.261,21
1/24/2014 8:00,5.463,19.4
1/24/2014 9:00,5.495,18.9
1/24/2014 10:00,5.477,18.15
1/24/2014 11:00,5.394,18.65
1/24/2014 12:00,5.25,20.2
1/24/2014 13:00,5.159,20
1/24/2014 14:00,5.081,21.65
1/24/2014 15:00,5.083,21.95
1/24/2014 16:00,5.038,21.15
1/24/2014 17:00,4.857,20.4
1/24/2014 18:00,4.643,19.5
1/24/2014 19:00,4.526,19.15
1/24/2014 20:00,4.428,18.4
1/24/2014 21:00,4.141,18.05
1/24/2014 22:00,3.975,17.75
1/24/2014 23:00,4.29,17.6
1/25/2014 0:00,3.809,17.15
1/25/2014 1:00,3.423,16.75
1/25/2014 2:00,3.217,16.35
1/25/2014 3:00,3.132,16.25
1/25/2014 4:00,3.192,15.9
1/25/2014 5:00,3.343,15.85
1/25/2014 6:00,3.606,15.9
1/25/2014 7:00,3.803,16.2
1/25/2014 8:00,3.963,18.5
1/25/2014 9:00,3.998,18.75
1/25/2014 10:00,3.962,18.8
1/25/2014 11:00,3.894,19.85
1/25/2014 12:00,3.814,19.75
1/25/2014 13:00,3.776,19.6
1/25/2014 14:00,3.808,19.3
1/25/2014 15:00,3.914,20
1/25/2014 16:00,4.033,20.25
1/25/2014 17:00,4.079,19.7
1/25/2014 18:00,4.027,18.6
1/25/2014 19:00,3.974,17.4
1/25/2014 20:00,4.057,17.1
1/25/2014 21:00,3.859,16.65
1/25/2014 22:00,3.759,16.25
1/25/2014 23:00,4.132,16.25
1/26/2014 0:00,3.716,15.8
1/26/2014 1:00,3.325,15.35
1/26/2014 2:00,3.111,14.8
1/26/2014 3:00,3.03,14.25
1/26/2014 4:00,3.046,13.5
1/26/2014 5:00,3.096,13.4
1/26/2014 6:00,3.254,14.35
1/26/2014 7:00,3.39,15.8
1/26/2014 8:00,3.606,17.7
1/26/2014 9:00,3.718,19
1/26/2014 10:00,3.755,21.05
1/26/2014 11:00,3.768,22.2
1/26/2014 12:00,3.768,22.45
1/26/2014 13:00,3.834,24.95
1/26/2014 14:00,3.957,24.75
1/26/2014 15:00,4.199,25.05
1/26/2014 16:00,4.393,26.4
1/26/2014 17:00,4.532,26.2
1/26/2014 18:00,4.516,26.5
1/26/2014 19:00,4.38,25.85
1/26/2014 20:00,4.39,24.4
1/26/2014 21:00,4.142,23.6
1/26/2014 22:00,3.954,22.65
1/26/2014 23:00,4.233,21.5
1/27/2014 0:00,3.795,20.15
1/27/2014 1:00,3.425,19.9
1/27/2014 2:00,3.209,18.85
1/27/2014 3:00,3.124,18.7
1/27/2014 4:00,3.177,18.75
1/27/2014 5:00,3.288,18.65
1/27/2014 6:00,3.498,20.05
1/27/2014 7:00,3.715,23.45
1/27/2014 8:00,4.092,24.9
1/27/2014 9:00,4.383,26.45
1/27/2014 10:00,4.644,28.55
1/27/2014 11:00,4.909,30.6
1/27/2014 12:00,5.184,31.55
1/27/2014 13:00,5.518,32.8
1/27/2014 14:00,5.889,33.5
1/27/2014 15:00,6.288,33.7
1/27/2014 16:00,6.643,34.45
1/27/2014 17:00,6.729,34.2
1/27/2014 18:00,6.567,33.65
1/27/2014 19:00,6.179,32.9
1/27/2014 20:00,5.903,31.75
1/27/2014 21:00,5.278,30.5
1/27/2014 22:00,4.788,29.25
1/27/2014 23:00,4.885,28.1
1/28/2014 0:00,4.363,26.45
1/28/2014 1:00,4.011,25.4
1/28/2014 2:00,3.823,25.4
1/28/2014 3:00,3.762,25.15
1/28/2014 4:00,3.998,25.4
1/28/2014 5:00,4.598,25.1
1/28/2014 6:00,5.349,25.95
1/28/2014 7:00,5.898,28.1
1/28/2014 8:00,6.487,30.4
1/28/2014 9:00,6.941,32
1/28/2014 10:00,7.381,33.75
1/28/2014 11:00,7.796,34.7
1/28/2014 12:00,8.185,35.8
1/28/2014 13:00,8.522,37
1/28/2014 14:00,8.825,39.05
1/28/2014 15:00,9.103,39.75
1/28/2014 16:00,9.198,41.2
1/28/2014 17:00,8.889,41.05
1/28/2014 18:00,8.174,36.05
1/28/2014 19:00,7.214,28.25
1/28/2014 20:00,6.481,24.45
1/28/2014 21:00,5.611,23.15
1/28/2014 22:00,5.026,22.05
1/28/2014 23:00,5.052,21.6
1/29/2014 0:00,4.484,21.45
1/29/2014 1:00,4.148,20.8
1/29/2014 2:00,3.955,20.25
1/29/2014 3:00,3.873,19.7
1/29/2014 4:00,4.06,19.4
1/29/2014 5:00,4.626,19.65
1/29/2014 6:00,5.272,19.1
1/29/2014 7:00,5.441,18.65
1/29/2014 8:00,5.535,18.9
1/29/2014 9:00,5.534,19.4
1/29/2014 10:00,5.61,20.7
1/29/2014 11:00,5.671,21.75
1/29/2014 12:00,5.724,22.35
1/29/2014 13:00,5.793,24.1
1/29/2014 14:00,5.838,23.35
1/29/2014 15:00,5.908,24.4
1/29/2014 16:00,5.868,22.95
1/29/2014 17:00,5.574,22.4
1/29/2014 18:00,5.276,20.95
1/29/2014 19:00,5.065,19.6
1/29/2014 20:00,4.976,18.9
1/29/2014 21:00,4.554,18
1/29/2014 22:00,4.282,17.4
1/29/2014 23:00,4.547,16.8
1/30/2014 0:00,4.053,16.55
1/30/2014 1:00,3.72,16.3
1/30/2014 2:00,3.536,16.25
1/30/2014 3:00,3.524,16.75
1/30/2014 4:00,3.792,16.7
1/30/2014 5:00,4.42,17.1
1/30/2014 6:00,5.075,17.5
1/30/2014 7:00,5.208,18.15
1/30/2014 8:00,5.344,18.85
1/30/2014 9:00,5.482,20.65
1/30/2014 10:00,5.701,22.6
1/30/2014 11:00,5.936,25.6
1/30/2014 12:00,6.21,28.5
1/30/2014 13:00,6.462,26.75
1/30/2014 14:00,6.683,27.2
1/30/2014 15:00,6.979,27.3
1/30/2014 16:00,7.059,27.5
1/30/2014 17:00,6.893,27
1/30/2014 18:00,6.535,25.45
1/30/2014 19:00,6.121,24.5
1/30/2014 20:00,5.797,23.85
1/30/2014 21:00,5.152,23.2
1/30/2014 22:00,4.705,22.55
1/30/2014 23:00,4.805,21.85
1/31/2014 0:00,4.272,21.05
1/31/2014 1:00,3.975,20.2
1/31/2014 2:00,3.805,19.95
1/31/2014 3:00,3.775,20.4
1/31/2014 4:00,3.996,20.3
1/31/2014 5:00,4.535,20.1
1/31/2014 6:00,5.275,20.45
1/31/2014 7:00,5.509,20.9
1/31/2014 8:00,5.73,21.45
1/31/2014 9:00,5.87,21.8
1/31/2014 10:00,6.034,23.25
1/31/2014 11:00,6.175,24.1
1/31/2014 12:00,6.34,25.2
1/31/2014 13:00,6.5,25.55
1/31/2014 14:00,6.603,25.9
1/31/2014 15:00,6.804,25.45
1/31/2014 16:00,6.787,26.05
1/31/2014 17:00,6.46,25.35
1/31/2014 18:00,6.043,23.9
1/31/2014 19:00,5.627,22.25
1/31/2014 20:00,5.367,22
1/31/2014 21:00,4.866,21.7
1/31/2014 22:00,4.575,21.45
1/31/2014 23:00,4.728,20.55
2/1/2014 0:00,4.157,19
2/1/2014 1:00,3.795,18.85
2/1/2014 2:00,3.607,18.7
2/1/2014 3:00,3.537,19.05
2/1/2014 4:00,3.596,19.35
2/1/2014 5:00,3.803,19.35
2/1/2014 6:00,4.125,19.45
2/1/2014 7:00,4.398,19.6
2/1/2014 8:00,4.66,20.55
2/1/2014 9:00,4.853,22.4
2/1/2014 10:00,5.115,24.55
2/1/2014 11:00,5.412,26.9
2/1/2014 12:00,5.669,27.95
2/1/2014 13:00,5.93,28.5
2/1/2014 14:00,6.216,28.2
2/1/2014 15:00,6.466,29.05
2/1/2014 16:00,6.641,28.7
2/1/2014 17:00,6.605,28.8
2/1/2014 18:00,6.316,27.15
2/1/2014 19:00,5.821,24.9
2/1/2014 20:00,5.52,23.5
2/1/2014 21:00,5.016,23.35
2/1/2014 22:00,4.657,23
2/1/2014 23:00,4.746,22.3
2/2/2014 0:00,4.197,21.4
2/2/2014 1:00,3.823,20.7
2/2/2014 2:00,3.613,19.85
2/2/2014 3:00,3.505,19.4
2/2/2014 4:00,3.488,19.25
2/2/2014 5:00,3.532,18.7
2/2/2014 6:00,3.716,18.65
2/2/2014 7:00,4.011,20.2
2/2/2014 8:00,4.421,23.4
2/2/2014 9:00,4.836,26.4
2/2/2014 10:00,5.296,27.45
2/2/2014 11:00,5.766,29.15
2/2/2014 12:00,6.233,32.05
2/2/2014 13:00,6.646,34.5
2/2/2014 14:00,7.011,34.95
2/2/2014 15:00,7.38,36.55
2/2/2014 16:00,7.66,37.85
2/2/2014 17:00,7.804,38.4
2/2/2014 18:00,7.691,35.15
2/2/2014 19:00,7.364,34.05
2/2/2014 20:00,7.019,34.1
2/2/2014 21:00,6.26,33.1
2/2/2014 22:00,5.545,30.3
2/2/2014 23:00,5.437,29.3
2/3/2014 0:00,4.806,27.55
2/3/2014 1:00,4.457,26.6
2/3/2014 2:00,4.235,25.9
2/3/2014 3:00,4.172,25.5
2/3/2014 4:00,4.396,25.15
2/3/2014 5:00,5.002,25
2/3/2014 6:00,5.817,25.15
2/3/2014 7:00,6.266,27
2/3/2014 8:00,6.732,31.15
2/3/2014 9:00,7.049,32.75
2/3/2014 10:00,7.184,31.5
2/3/2014 11:00,7.085,26.9
2/3/2014 12:00,6.798,23.9
2/3/2014 13:00,6.632,23.15
2/3/2014 14:00,6.408,22.85
2/3/2014 15:00,6.218,21.5
2/3/2014 16:00,5.968,21.15
2/3/2014 17:00,5.544,21.3
2/3/2014 18:00,5.217,19.7
2/3/2014 19:00,4.964,18.8
2/3/2014 20:00,4.758,18.45
2/3/2014 21:00,4.328,18.3
2/3/2014 22:00,4.074,17.8
2/3/2014 23:00,4.367,16.85
2/4/2014 0:00,3.883,16.4
2/4/2014 1:00,3.536,16.15
2/4/2014 2:00,3.404,15.7
2/4/2014 3:00,3.396,15.5
2/4/2014 4:00,3.624,15.4
2/4/2014 5:00,4.271,15.3
2/4/2014 6:00,4.916,15.05
2/4/2014 7:00,4.953,15.65
2/4/2014 8:00,5.016,18.1
2/4/2014 9:00,5.048,19.2
2/4/2014 10:00,5.106,21.05
2/4/2014 11:00,5.124,22.35
2/4/2014 12:00,5.2,23.45
2/4/2014 13:00,5.244,24.85
2/4/2014 14:00,5.242,24.95
2/4/2014 15:00,5.341,25.55
2/4/2014 16:00,5.368,25.3
2/4/2014 17:00,5.166,24.25
2/4/2014 18:00,4.91,22.75
2/4/2014 19:00,4.762,20.85
2/4/2014 20:00,4.7,19.35
2/4/2014 21:00,4.276,18.25
2/4/2014 22:00,4.035,17.45
2/4/2014 23:00,4.318,17
2/5/2014 0:00,3.858,16.5
2/5/2014 1:00,3.55,16.1
2/5/2014 2:00,3.399,15.95
2/5/2014 3:00,3.382,15.3
2/5/2014 4:00,3.59,14.55
2/5/2014 5:00,4.261,14.25
2/5/2014 6:00,4.937,14.4
2/5/2014 7:00,4.994,15.55
2/5/2014 8:00,5.094,18.3
2/5/2014 9:00,5.168,20
2/5/2014 10:00,5.303,22.75
2/5/2014 11:00,5.41,25.45
2/5/2014 12:00,5.571,25.8
2/5/2014 13:00,5.74,26.35
2/5/2014 14:00,5.9,29.15
2/5/2014 15:00,6.177,30.45
2/5/2014 16:00,6.274,30.35
2/5/2014 17:00,6.039,29.6
2/5/2014 18:00,5.7,27.55
2/5/2014 19:00,5.389,25.55
2/5/2014 20:00,5.192,23.65
2/5/2014 21:00,4.672,22.95
2/5/2014 22:00,4.359,21.85
2/5/2014 23:00,4.614,20.7
2/6/2014 0:00,4.118,20.15
2/6/2014 1:00,3.805,19.3
2/6/2014 2:00,3.627,19
2/6/2014 3:00,3.646,18.4
2/6/2014 4:00,3.882,17.8
2/6/2014 5:00,4.47,17.75
2/6/2014 6:00,5.106,18
2/6/2014 7:00,5.274,20.8
2/6/2014 8:00,5.507,23.4
2/6/2014 9:00,5.711,25.75
2/6/2014 10:00,5.95,27.75
2/6/2014 11:00,6.2,29.6
2/6/2014 12:00,6.527,32.15
2/6/2014 13:00,6.884,32.9
2/6/2014 14:00,7.196,33.65
2/6/2014 15:00,7.615,34.3
2/6/2014 16:00,7.845,34.8
2/6/2014 17:00,7.759,35.05
2/6/2014 18:00,7.437,33.75
2/6/2014 19:00,7.059,33.25
2/6/2014 20:00,6.584,32.4
2/6/2014 21:00,5.742,31.25
2/6/2014 22:00,5.125,29.65
2/6/2014 23:00,5.139,28.55
2/7/2014 0:00,4.564,26.55
2/7/2014 1:00,4.218,25.95
2/7/2014 2:00,4.025,25
2/7/2014 3:00,4,24.4
2/7/2014 4:00,4.245,24.15
2/7/2014 5:00,4.783,24.15
2/7/2014 6:00,5.504,24.35
2/7/2014 7:00,5.92,26.9
2/7/2014 8:00,6.271,28.75
2/7/2014 9:00,6.549,30.35
2/7/2014 10:00,6.894,32.75
2/7/2014 11:00,7.231,34.25
2/7/2014 12:00,7.535,35.3
2/7/2014 13:00,7.597,28.4
2/7/2014 14:00,7.562,27.25
2/7/2014 15:00,7.609,26.6
2/7/2014 16:00,7.534,25.75
2/7/2014 17:00,7.118,25.35
2/7/2014 18:00,6.448,23.15
2/7/2014 19:00,5.963,21.55
2/7/2014 20:00,5.565,20.85
2/7/2014 21:00,5.005,20.55
2/7/2014 22:00,4.666,20.35
2/7/2014 23:00,4.85,20.55
2/8/2014 0:00,4.302,20.6
2/8/2014 1:00,3.905,19.9
2/8/2014 2:00,3.678,19.55
2/8/2014 3:00,3.61,19.2
2/8/2014 4:00,3.672,18.9
2/8/2014 5:00,3.869,18.85
2/8/2014 6:00,4.204,19.25
2/8/2014 7:00,4.541,21
2/8/2014 8:00,4.944,23.05
2/8/2014 9:00,5.265,25.35
2/8/2014 10:00,5.651,27.7
2/8/2014 11:00,6.09,31.05
2/8/2014 12:00,6.547,35.25
2/8/2014 13:00,6.935,35.1
2/8/2014 14:00,7.318,36.85
2/8/2014 15:00,7.625,39.25
2/8/2014 16:00,7.793,40
2/8/2014 17:00,7.76,39.45
2/8/2014 18:00,7.51,38.95
2/8/2014 19:00,7.145,37.75
2/8/2014 20:00,6.805,33.85
2/8/2014 21:00,6.103,30.4
2/8/2014 22:00,5.52,25.7
2/8/2014 23:00,5.462,25.4
2/9/2014 0:00,4.824,25.6
2/9/2014 1:00,4.444,28.15
2/9/2014 2:00,4.237,32.4
2/9/2014 3:00,4.157,31.85
2/9/2014 4:00,4.164,31.35
2/9/2014 5:00,4.275,31.2
2/9/2014 6:00,4.545,31.1
2/9/2014 7:00,5.033,31.95
2/9/2014 8:00,5.594,32.45
2/9/2014 9:00,6.176,35.2
2/9/2014 10:00,6.681,38.4
2/9/2014 11:00,6.628,35.85
2/9/2014 12:00,6.238,30.7
2/9/2014 13:00,6.039,27.85
2/9/2014 14:00,5.897,26.9
2/9/2014 15:00,5.832,26.65
2/9/2014 16:00,5.701,25.25
2/9/2014 17:00,5.483,24.45
2/9/2014 18:00,4.949,22.5
2/9/2014 19:00,4.589,22.05
2/9/2014 20:00,4.407,20
2/9/2014 21:00,4.027,19.75
2/9/2014 22:00,3.82,19.1
2/9/2014 23:00,4.075,18.5
2/10/2014 0:00,3.65,18.4
2/10/2014 1:00,3.388,17.4
2/10/2014 2:00,3.271,16.9
2/10/2014 3:00,3.268,16.8
2/10/2014 4:00,3.498,16.45
2/10/2014 5:00,4.086,16.05
2/10/2014 6:00,4.8,16.3
2/10/2014 7:00,4.933,17.45
2/10/2014 8:00,5.102,19.3
2/10/2014 9:00,5.126,20
2/10/2014 10:00,5.194,21.05
2/10/2014 11:00,5.26,22.8
2/10/2014 12:00,5.319,22.55
2/10/2014 13:00,5.364,23.3
2/10/2014 14:00,5.419,24.05
2/10/2014 15:00,5.559,23.1
2/10/2014 16:00,5.568,23.1
2/10/2014 17:00,5.332,22.5
2/10/2014 18:00,5.027,20.8
2/10/2014 19:00,4.864,19.55
2/10/2014 20:00,4.738,18.8
2/10/2014 21:00,4.303,18.2
2/10/2014 22:00,4.093,17.65
2/10/2014 23:00,4.379,17.75
2/11/2014 0:00,3.952,17.15
2/11/2014 1:00,3.632,16.55
2/11/2014 2:00,3.461,16.2
2/11/2014 3:00,3.446,16
2/11/2014 4:00,3.732,15.6
2/11/2014 5:00,4.294,15.15
2/11/2014 6:00,4.911,15.15
2/11/2014 7:00,5.021,16.25
2/11/2014 8:00,5.138,17.8
2/11/2014 9:00,5.223,19.15
2/11/2014 10:00,5.348,21
2/11/2014 11:00,5.479,22.8
2/11/2014 12:00,5.661,23.85
2/11/2014 13:00,5.832,24.25
2/11/2014 14:00,5.966,26.2
2/11/2014 15:00,6.178,25.65
2/11/2014 16:00,6.212,25.05
2/11/2014 17:00,5.949,23.85
2/11/2014 18:00,5.64,23.6
2/11/2014 19:00,5.449,23.1
2/11/2014 20:00,5.213,22.95
2/11/2014 21:00,4.678,22.55
2/11/2014 22:00,4.376,21.55
2/11/2014 23:00,4.601,20.45
2/12/2014 0:00,4.147,19.6
2/12/2014 1:00,3.815,18.7
2/12/2014 2:00,3.61,18.3
2/12/2014 3:00,3.605,18
2/12/2014 4:00,3.879,17.55
2/12/2014 5:00,4.468,17.3
2/12/2014 6:00,5.09,17.2
2/12/2014 7:00,5.226,17.95
2/12/2014 8:00,5.406,19.45
2/12/2014 9:00,5.561,21.1
2/12/2014 10:00,5.74,23.05
2/12/2014 11:00,5.899,24.65
2/12/2014 12:00,6.095,25.05
2/12/2014 13:00,6.272,25.85
2/12/2014 14:00,6.402,25.3
2/12/2014 15:00,6.61,26.65
2/12/2014 16:00,6.585,25.5
2/12/2014 17:00,6.265,25.9
2/12/2014 18:00,5.925,26.25
2/12/2014 19:00,5.747,25.3
2/12/2014 20:00,5.497,25.15
2/12/2014 21:00,4.932,23.6
2/12/2014 22:00,4.58,22.05
2/12/2014 23:00,4.763,21.7
2/13/2014 0:00,4.298,21.15
2/13/2014 1:00,4.026,20.55
2/13/2014 2:00,3.871,20.5
2/13/2014 3:00,3.827,20.2
2/13/2014 4:00,4.065,20.5
2/13/2014 5:00,4.643,20.6
2/13/2014 6:00,5.317,20.9
2/13/2014 7:00,5.494,21.7
2/13/2014 8:00,5.685,22
2/13/2014 9:00,5.814,22.25
2/13/2014 10:00,5.912,23.4
2/13/2014 11:00,5.999,23.9
2/13/2014 12:00,6.097,25.25
2/13/2014 13:00,6.176,26.2
2/13/2014 14:00,6.136,26
2/13/2014 15:00,6.131,25.3
2/13/2014 16:00,6.049,25.2
2/13/2014 17:00,5.796,25.3
2/13/2014 18:00,5.532,25.5
2/13/2014 19:00,5.475,25.35
2/13/2014 20:00,5.254,25.05
2/13/2014 21:00,4.742,24.85
2/13/2014 22:00,4.453,24.05
2/13/2014 23:00,4.66,23.15
2/14/2014 0:00,4.176,22.3
2/14/2014 1:00,3.895,21.9
2/14/2014 2:00,3.726,21.15
2/14/2014 3:00,3.717,20.3
2/14/2014 4:00,3.91,19.65
2/14/2014 5:00,4.479,19.7
2/14/2014 6:00,5.135,19.75
2/14/2014 7:00,5.306,20.25
2/14/2014 8:00,5.52,21.5
2/14/2014 9:00,5.672,23.6
2/14/2014 10:00,5.737,24.6
2/14/2014 11:00,5.785,25.9
2/14/2014 12:00,5.829,25.45
2/14/2014 13:00,5.893,24.85
2/14/2014 14:00,5.892,25.9
2/14/2014 15:00,5.921,26.15
2/14/2014 16:00,5.817,26.25
2/14/2014 17:00,5.557,26.35
2/14/2014 18:00,5.304,26.25
2/14/2014 19:00,5.234,25.85
2/14/2014 20:00,5.074,25.3
2/14/2014 21:00,4.656,24.6
2/14/2014 22:00,4.396,23.75
2/14/2014 23:00,4.599,22.25
2/15/2014 0:00,4.064,21.75
2/15/2014 1:00,3.749,21.45
2/15/2014 2:00,3.56,21.5
2/15/2014 3:00,3.475,21.3
2/15/2014 4:00,3.552,21.25
2/15/2014 5:00,3.783,21.2
2/15/2014 6:00,4.045,21.6
2/15/2014 7:00,4.258,22
2/15/2014 8:00,4.539,23.65
2/15/2014 9:00,4.762,25.2
2/15/2014 10:00,4.938,26.4
2/15/2014 11:00,5.049,25.5
2/15/2014 12:00,5.037,25.15
2/15/2014 13:00,5.066,26.95
2/15/2014 14:00,5.151,28.35
2/15/2014 15:00,5.197,25.65
2/15/2014 16:00,5.201,25
2/15/2014 17:00,5.132,25.5
2/15/2014 18:00,4.908,24.15
2/15/2014 19:00,4.725,22.9
2/15/2014 20:00,4.568,21.6
2/15/2014 21:00,4.222,21.75
2/15/2014 22:00,3.939,21.5
2/15/2014 23:00,4.215,21.55
2/16/2014 0:00,3.741,20.45
2/16/2014 1:00,3.38,19.5
2/16/2014 2:00,3.174,18.75
2/16/2014 3:00,3.076,18.65
2/16/2014 4:00,3.071,18.2
2/16/2014 5:00,3.172,17.3
2/16/2014 6:00,3.328,17.9
2/16/2014 7:00,3.427,18.05
2/16/2014 8:00,3.603,17.4
2/16/2014 9:00,3.738,16.85
2/16/2014 10:00,3.765,17.95
2/16/2014 11:00,3.777,20.55
2/16/2014 12:00,3.705,21.95
2/16/2014 13:00,3.69,22.6
2/16/2014 14:00,3.742,22.3
2/16/2014 15:00,3.859,22.4
2/16/2014 16:00,4.032,22.3
2/16/2014 17:00,4.113,21.1
2/16/2014 18:00,4.032,20.25
2/16/2014 19:00,4.066,19.2
2/16/2014 20:00,4.011,18.9
2/16/2014 21:00,3.712,18.6
2/16/2014 22:00,3.53,18.35
2/16/2014 23:00,3.905,17.7
2/17/2014 0:00,3.556,17.2
2/17/2014 1:00,3.283,16.85
2/17/2014 2:00,3.136,16.9
2/17/2014 3:00,3.146,16.8
2/17/2014 4:00,3.4,16.8
2/17/2014 5:00,4.009,16.6
2/17/2014 6:00,4.717,16.35
2/17/2014 7:00,4.827,17.2
2/17/2014 8:00,4.909,18.35
2/17/2014 9:00,4.973,19.55
2/17/2014 10:00,5.036,20.3
2/17/2014 11:00,5.079,21.6
2/17/2014 12:00,5.16,21.8
2/17/2014 13:00,5.228,23.3
2/17/2014 14:00,5.241,23.2
2/17/2014 15:00,5.343,24.55
2/17/2014 16:00,5.35,24.95
2/17/2014 17:00,5.184,24.9
2/17/2014 18:00,4.941,23.7
2/17/2014 19:00,4.797,22
2/17/2014 20:00,4.615,19.65
2/17/2014 21:00,4.16,18.25
2/17/2014 22:00,3.904,17.7
2/17/2014 23:00,4.213,17.25
2/18/2014 0:00,3.81,16.9
2/18/2014 1:00,3.528,16.55
2/18/2014 2:00,3.369,16.05
2/18/2014 3:00,3.381,16.45
2/18/2014 4:00,3.609,15.4
2/18/2014 5:00,4.178,14.9
2/18/2014 6:00,4.861,14.7
2/18/2014 7:00,4.918,16.1
2/18/2014 8:00,5.006,18.45
2/18/2014 9:00,5.102,19.8
2/18/2014 10:00,5.239,23
2/18/2014 11:00,5.385,25.25
2/18/2014 12:00,5.528,27.6
2/18/2014 13:00,5.724,27.9
2/18/2014 14:00,5.845,28.55
2/18/2014 15:00,6.048,29.45
2/18/2014 16:00,6.097,29.7
2/18/2014 17:00,5.838,29.35
2/18/2014 18:00,5.507,27
2/18/2014 19:00,5.267,23.55
2/18/2014 20:00,5.003,21.9
2/18/2014 21:00,4.462,20.75
2/18/2014 22:00,4.184,20.15
2/18/2014 23:00,4.431,19.6
2/19/2014 0:00,3.969,19.15
2/19/2014 1:00,3.66,18.8
2/19/2014 2:00,3.48,18.55
2/19/2014 3:00,3.47,18.2
2/19/2014 4:00,3.693,17.75
2/19/2014 5:00,4.313,17.65
2/19/2014 6:00,4.955,17.8
2/19/2014 7:00,5.083,18.75
2/19/2014 8:00,5.251,19.6
2/19/2014 9:00,5.268,20.45
2/19/2014 10:00,5.293,21.95
2/19/2014 11:00,5.285,23.7
2/19/2014 12:00,5.308,23.15
2/19/2014 13:00,5.349,24.15
2/19/2014 14:00,5.322,24.55
2/19/2014 15:00,5.328,21.4
2/19/2014 16:00,5.151,19.15
2/19/2014 17:00,4.975,19.05
2/19/2014 18:00,4.741,16.5
2/19/2014 19:00,4.678,15.9
2/19/2014 20:00,4.458,14.85
2/19/2014 21:00,4.056,15.3
2/19/2014 22:00,3.868,14.1
2/19/2014 23:00,4.226,13.8
2/20/2014 0:00,3.799,13.6
2/20/2014 1:00,3.428,13.45
2/20/2014 2:00,3.253,13.4
2/20/2014 3:00,3.228,13.05
2/20/2014 4:00,3.452,12.75
2/20/2014 5:00,4.04,12.8
2/20/2014 6:00,4.726,12.75
2/20/2014 7:00,4.709,13.6
2/20/2014 8:00,4.721,14.95
2/20/2014 9:00,4.741,16.1
2/20/2014 10:00,4.846,17.5
2/20/2014 11:00,4.864,18.5
2/20/2014 12:00,4.868,19.3
2/20/2014 13:00,4.836,19.4
2/20/2014 14:00,4.799,19.75
2/20/2014 15:00,4.89,19.4
2/20/2014 16:00,4.946,19.45
2/20/2014 17:00,4.8,19.45
2/20/2014 18:00,4.646,18.9
2/20/2014 19:00,4.693,17.65
2/20/2014 20:00,4.546,16.8
2/20/2014 21:00,4.117,15.9
2/20/2014 22:00,3.897,15.05
2/20/2014 23:00,4.259,14.55
2/21/2014 0:00,3.893,14.25
2/21/2014 1:00,3.505,13.8
2/21/2014 2:00,3.341,13.85
2/21/2014 3:00,3.334,13.7
2/21/2014 4:00,3.623,13.65
2/21/2014 5:00,4.24,13.35
2/21/2014 6:00,4.925,13.4
2/21/2014 7:00,4.986,14.05
2/21/2014 8:00,5.028,15
2/21/2014 9:00,4.987,16.65
2/21/2014 10:00,4.984,17.85
2/21/2014 11:00,4.975,18.45
2/21/2014 12:00,4.912,18.2
2/21/2014 13:00,4.833,18.9
2/21/2014 14:00,4.686,19.85
2/21/2014 15:00,4.71,20
2/21/2014 16:00,4.718,19.7
2/21/2014 17:00,4.577,18.8
2/21/2014 18:00,4.454,17.5
2/21/2014 19:00,4.532,16.6
2/21/2014 20:00,4.407,16.25
2/21/2014 21:00,4.064,16
2/21/2014 22:00,3.883,16.3
2/21/2014 23:00,4.221,16.4
2/22/2014 0:00,3.792,15.8
2/22/2014 1:00,3.445,15.85
2/22/2014 2:00,3.261,14.6
2/22/2014 3:00,3.221,14.65
2/22/2014 4:00,3.295,15.2
2/22/2014 5:00,3.521,14.9
2/22/2014 6:00,3.804,14.6
2/22/2014 7:00,4.038,15.15
2/22/2014 8:00,4.2,16
2/22/2014 9:00,4.226,16.35
2/22/2014 10:00,4.198,17
2/22/2014 11:00,4.182,18.3
2/22/2014 12:00,4.078,19.05
2/22/2014 13:00,4.018,19.3
2/22/2014 14:00,4.002,19.4
2/22/2014 15:00,4.066,18.65
2/22/2014 16:00,4.158,18.75
2/22/2014 17:00,4.154,19.1
2/22/2014 18:00,4.084,18.3
2/22/2014 19:00,4.104,17.95
2/22/2014 20:00,4.001,17.55
2/22/2014 21:00,3.773,16.9
2/22/2014 22:00,3.7,16.45
2/22/2014 23:00,4.078,15.85
2/23/2014 0:00,3.702,15.8
2/23/2014 1:00,3.349,15.65
2/23/2014 2:00,3.143,15.2
2/23/2014 3:00,3.052,14.7
2/23/2014 4:00,3.07,14.95
2/23/2014 5:00,3.181,15.25
2/23/2014 6:00,3.327,15.2
2/23/2014 7:00,3.44,15.8
2/23/2014 8:00,3.616,16.8
2/23/2014 9:00,3.678,17.9
2/23/2014 10:00,3.694,19.7
2/23/2014 11:00,3.71,21.05
2/23/2014 12:00,3.706,21.6
2/23/2014 13:00,3.764,22.55
2/23/2014 14:00,3.852,22.75
2/23/2014 15:00,4.009,22.9
2/23/2014 16:00,4.202,22.5
2/23/2014 17:00,4.323,21.95
2/23/2014 18:00,4.249,20.45
2/23/2014 19:00,4.275,19.6
2/23/2014 20:00,4.162,19.2
2/23/2014 21:00,3.848,18
2/23/2014 22:00,3.706,16.95
2/23/2014 23:00,4.06,16.45
2/24/2014 0:00,3.703,16.15
2/24/2014 1:00,3.401,15.6
2/24/2014 2:00,3.251,15.15
2/24/2014 3:00,3.239,15.25
2/24/2014 4:00,3.455,15.2
2/24/2014 5:00,4.041,14.75
2/24/2014 6:00,4.743,15.05
2/24/2014 7:00,4.815,15.6
2/24/2014 8:00,4.916,17.75
2/24/2014 9:00,4.931,18.45
2/24/2014 10:00,4.966,20.05
2/24/2014 11:00,5.063,21.35
2/24/2014 12:00,5.218,22.5
2/24/2014 13:00,5.381,23.55
2/24/2014 14:00,5.458,24.1
2/24/2014 15:00,5.55,22.6
2/24/2014 16:00,5.566,23.15
2/24/2014 17:00,5.376,24.1
2/24/2014 18:00,5.104,22.65
2/24/2014 19:00,5.022,21.25
2/24/2014 20:00,4.793,19.9
2/24/2014 21:00,4.335,19.1
2/24/2014 22:00,4.108,18.25
2/24/2014 23:00,4.41,17.75
2/25/2014 0:00,4.008,17.5
2/25/2014 1:00,3.666,16.6
2/25/2014 2:00,3.497,16.1
2/25/2014 3:00,3.464,15.85
2/25/2014 4:00,3.698,15.75
2/25/2014 5:00,4.333,15.7
2/25/2014 6:00,4.998,16.35
2/25/2014 7:00,5.094,19.6
2/25/2014 8:00,5.272,25.75
2/25/2014 9:00,5.459,27.8
2/25/2014 10:00,5.648,30.05
2/25/2014 11:00,5.853,32.35
2/25/2014 12:00,6.062,31.9
2/25/2014 13:00,6.258,32.45
2/25/2014 14:00,6.236,29.6
2/25/2014 15:00,6.226,28.85
2/25/2014 16:00,5.957,23.45
2/25/2014 17:00,5.455,21.1
2/25/2014 18:00,5.066,20.1
2/25/2014 19:00,4.968,20.1
2/25/2014 20:00,4.742,19.9
2/25/2014 21:00,4.304,19.3
2/25/2014 22:00,4.105,19.05
2/25/2014 23:00,4.41,18.85
